-- Drop existing tables
DROP TABLE IF EXISTS emp;
DROP TABLE IF EXISTS dept;
DROP TABLE IF EXISTS salgrade;

-- Create DEPT table
CREATE TABLE dept (
    deptno INT PRIMARY KEY,
    dname VARCHAR(14),
    loc VARCHAR(13)
);

-- Create EMP table
CREATE TABLE emp (
    empno INT PRIMARY KEY,
    ename VARCHAR(10),
    job VARCHAR(9),
    mgr INT,
    hiredate DATE,
    sal DECIMAL(7, 2),
    comm DECIMAL(7, 2),
    deptno INT,
    FOREIGN KEY (deptno) REFERENCES dept(deptno)
);

-- Create SALGRADE table
CREATE TABLE salgrade (
    grade INT,
    losal INT,
    hisal INT
);

-- Insert into DEPT
INSERT INTO dept VALUES (10, 'ACCOUNTING', 'NEW YORK');
INSERT INTO dept VALUES (20, 'RESEARCH', 'DALLAS');
INSERT INTO dept VALUES (30, 'SALES', 'CHICAGO');
INSERT INTO dept VALUES (40, 'OPERATIONS', 'BOSTON');

-- Insert into EMP
INSERT INTO emp VALUES (7369, 'SMITH', 'CLERK', 7902, STR_TO_DATE('17-DEC-1980', '%d-%b-%Y'), 800, NULL, 20);
INSERT INTO emp VALUES (7499, 'ALLEN', 'SALESMAN', 7698, STR_TO_DATE('20-FEB-1981', '%d-%b-%Y'), 1600, 300, 30);
INSERT INTO emp VALUES (7521, 'WARD', 'SALESMAN', 7698, STR_TO_DATE('22-FEB-1981', '%d-%b-%Y'), 1250, 500, 30);
INSERT INTO emp VALUES (7566, 'JONES', 'MANAGER', 7839, STR_TO_DATE('02-APR-1981', '%d-%b-%Y'), 2975, NULL, 20);
INSERT INTO emp VALUES (7654, 'MARTIN', 'SALESMAN', 7698, STR_TO_DATE('28-SEP-1981', '%d-%b-%Y'), 1250, 1400, 30);
INSERT INTO emp VALUES (7698, 'BLAKE', 'MANAGER', 7839, STR_TO_DATE('01-MAY-1981', '%d-%b-%Y'), 2850, NULL, 30);
INSERT INTO emp VALUES (7782, 'CLARK', 'MANAGER', 7839, STR_TO_DATE('09-JUN-1981', '%d-%b-%Y'), 2450, NULL, 10);
INSERT INTO emp VALUES (7788, 'SCOTT', 'ANALYST', 7566, STR_TO_DATE('09-DEC-1982', '%d-%b-%Y'), 3000, NULL, 20);
INSERT INTO emp VALUES (7839, 'KING', 'PRESIDENT', NULL, STR_TO_DATE('17-NOV-1981', '%d-%b-%Y'), 5000, NULL, 10);
INSERT INTO emp VALUES (7844, 'TURNER', 'SALESMAN', 7698, STR_TO_DATE('08-SEP-1981', '%d-%b-%Y'), 1500, NULL, 30);
INSERT INTO emp VALUES (7876, 'ADAMS', 'CLERK', 7788, STR_TO_DATE('12-JAN-1983', '%d-%b-%Y'), 1100, NULL, 20);
INSERT INTO emp VALUES (7900, 'JAMES', 'CLERK', 7698, STR_TO_DATE('03-DEC-1981', '%d-%b-%Y'), 950, NULL, 30);
INSERT INTO emp VALUES (7902, 'FORD', 'ANALYST', 7566, STR_TO_DATE('03-DEC-1981', '%d-%b-%Y'), 3000, NULL, 20);
INSERT INTO emp VALUES (7934, 'MILLER', 'CLERK', 7782, STR_TO_DATE('23-JAN-1982', '%d-%b-%Y'), 1300, NULL, 10);

-- Insert into SALGRADE
INSERT INTO salgrade VALUES (1, 700, 1200);
INSERT INTO salgrade VALUES (2, 1201, 1400);
INSERT INTO salgrade VALUES (3, 1401, 2000);
INSERT INTO salgrade VALUES (4, 2001, 3000);
INSERT INTO salgrade VALUES (5, 3001, 9999);
